<?xml version='1.0' encoding='UTF-8'?>
<!DOCTYPE book SYSTEM "book.dtd">
<book>
	<dedication>
		Lorem ipsum dolor sit amet, consectetur adipiscing elit. Nullam varius turpis vel tellus aliquam,
		sit amet condimentum turpis eleifend. Vivamus lobortis lacus eu mi placerat malesuada. Nullam
		cursus, massa vitae adipiscing tempus, orci arcu imperdiet neque, ut adipiscing dolor tortor nec
		erat. Vestibulum ante ipsum primis in faucibus orci luctus et ultrices posuere cubilia Curae; In quis
		dui nulla. Etiam fermentum lectus vel sapien facilisis rutrum.
	</dedication>
	<preface>
		Suspendisse et felis lacus. Donec
		lobortis a nulla et mattis. Phasellus scelerisque faucibus lectus, eget fermentum lectus interdum a.
		Pellentesque habitant morbi tristique senectus et netus et malesuada fames ac turpis egestas.
		Suspendisse tristique id quam ut cursus. Duis imperdiet consectetur dui. Sed sed laoreet justo,
		et hendrerit dui. Suspendisse potenti. Integer vitae nibh vel justo lobortis sollicitudin. Nulla cursus
		magna sed lacus pellentesque hendrerit.
	</preface>
	<part id="p1">
		<toc>
			<item id="p1_c1">
				Capitolo 1
			</item>
			<item id="p1_c1_s1">
				Sezione 1
			</item>
			<item id="p1_c1_s2">
				Sezione 2
			</item>
			<item id="p1_c1_s21">
				Sottosezione 2.1
			</item>
			<item id="p1_c1_s22">
				Sottosezione 2.2
			</item>
			<item id="p1_c1_s23">
				Sottosezione 2.3
			</item>
			<item id="p1_c1_s3">
				Sezione 3
			</item>
		</toc>
		<chapter id="p1_c1" title="Capitolo 1">
			<section id="p1_c1_s1" title="Sezione 1">
				Lorem ipsum dolor sit amet, consectetur adipiscing elit. Nullam varius turpis vel tellus aliquam,
				sit amet condimentum turpis eleifend. Vivamus lobortis lacus eu mi placerat malesuada. Nullam
				cursus, massa vitae adipiscing tempus, orci arcu imperdiet neque, ut adipiscing dolor tortor nec
				erat. Vestibulum ante ipsum primis in faucibus orci luctus et ultrices posuere cubilia Curae; In quis
				dui nulla. Etiam fermentum lectus vel sapien facilisis rutrum. Suspendisse et felis lacus. Donec
				lobortis a nulla et mattis. Phasellus scelerisque faucibus lectus, eget fermentum lectus interdum a.
				Pellentesque habitant morbi tristique senectus et netus et malesuada fames ac turpis egestas.
				Suspendisse tristique id quam ut cursus. Duis imperdiet consectetur dui. Sed sed laoreet justo,
				et hendrerit dui. Suspendisse potenti. Integer vitae nibh vel justo lobortis sollicitudin. Nulla cursus
				magna sed lacus pellentesque hendrerit.
			</section>
			<section id="p1_c1_s2" title="Sezione 2">
				<section id="p1_c1_s21" title="Sottosezione 2.1">
					Lorem ipsum dolor sit amet, consectetur adipiscing elit. Nullam varius turpis vel tellus aliquam,
					sit amet condimentum turpis eleifend. Vivamus lobortis lacus eu mi placerat malesuada. Nullam
					cursus, massa vitae adipiscing tempus, orci arcu imperdiet neque, ut adipiscing dolor tortor nec
					erat. Vestibulum ante ipsum primis in faucibus orci luctus et ultrices posuere cubilia Curae; In quis
					dui nulla. Etiam fermentum lectus vel sapien facilisis rutrum. Suspendisse et felis lacus. Donec
					lobortis a nulla et mattis. Phasellus scelerisque faucibus lectus, eget fermentum lectus interdum a.
					Pellentesque habitant morbi tristique senectus et netus et malesuada fames ac turpis egestas.
					Suspendisse tristique id quam ut cursus.
					<table id="t1" caption="Tabella 1">
						<row>
							<cell>
								Colonna 1
							</cell>
							<cell>
								Colonna 2
							</cell>
							<cell>
								Colonna 3
							</cell>
						</row>
						<row>
							<cell>
								Cella 1
							</cell>
							<cell>
								Cella 2
							</cell>
							<cell>
								Cella 3
							</cell>
						</row>
					</table>
					Duis imperdiet consectetur dui. Sed sed laoreet justo,
					et hendrerit dui. Suspendisse potenti. Integer vitae nibh vel justo lobortis sollicitudin. Nulla cursus
					magna sed lacus pellentesque hendrerit.
				</section>
				<section id="p1_c1_s22" title="Sottosezione 2.1">
					Lorem ipsum dolor sit amet, consectetur adipiscing elit. Nullam varius turpis vel tellus aliquam,
					sit amet condimentum turpis eleifend. Vivamus lobortis lacus eu mi placerat malesuada. Nullam
					cursus, massa vitae adipiscing tempus, orci arcu imperdiet neque, ut adipiscing dolor tortor nec
					erat. Vestibulum ante ipsum primis in faucibus orci luctus et ultrices posuere cubilia Curae; In quis
					dui nulla. Etiam fermentum lectus vel sapien facilisis rutrum. Suspendisse et felis lacus. Donec
					lobortis a nulla et mattis. Phasellus scelerisque faucibus lectus, eget fermentum lectus interdum a.
					Pellentesque habitant morbi tristique senectus et netus et malesuada fames ac turpis egestas.
					Suspendisse tristique id quam ut cursus. Duis imperdiet consectetur dui. Sed sed laoreet justo,
					et hendrerit dui. Suspendisse potenti. Integer vitae nibh vel justo lobortis sollicitudin. Nulla cursus
					magna sed lacus pellentesque hendrerit.
				</section>
				<section id="p1_c1_s23" title="Sottosezione 2.1">
					Lorem ipsum dolor sit amet, consectetur adipiscing elit. Nullam varius turpis vel tellus aliquam,
					sit amet condimentum turpis eleifend. Vivamus lobortis lacus eu mi placerat malesuada. Nullam
					cursus, massa vitae adipiscing tempus, orci arcu imperdiet neque, ut adipiscing dolor tortor nec
					erat. Vestibulum ante ipsum primis in faucibus orci luctus et ultrices posuere cubilia Curae; In quis
					dui nulla. Etiam fermentum lectus vel sapien facilisis rutrum. Suspendisse et felis lacus. Donec
					lobortis a nulla et mattis. Phasellus scelerisque faucibus lectus, eget fermentum lectus interdum a.
					Pellentesque habitant morbi tristique senectus et netus et malesuada fames ac turpis egestas.
					Suspendisse tristique id quam ut cursus. Duis imperdiet consectetur dui. Sed sed laoreet justo,
					et hendrerit dui. Suspendisse potenti. Integer vitae nibh vel justo lobortis sollicitudin. Nulla cursus
					magna sed lacus pellentesque hendrerit.
				</section>
			</section>
			<section id="p1_c1_s3" title="Sezione 3">
				Lorem ipsum dolor sit amet, consectetur adipiscing elit. Nullam varius turpis vel tellus aliquam,
				sit amet condimentum turpis eleifend. Vivamus lobortis lacus eu mi placerat malesuada. Nullam
				cursus, massa vitae adipiscing tempus, orci arcu imperdiet neque, ut adipiscing dolor tortor nec
				erat. Vestibulum ante ipsum primis in faucibus orci luctus et ultrices posuere cubilia Curae; In quis
				dui nulla. Etiam fermentum lectus vel sapien facilisis rutrum. Suspendisse et felis lacus. Donec
				lobortis a nulla et mattis. Phasellus scelerisque faucibus lectus, eget fermentum lectus interdum a.
				Pellentesque habitant morbi tristique senectus et netus et malesuada fames ac turpis egestas.
				Suspendisse tristique id quam ut cursus. Duis imperdiet consectetur dui. Sed sed laoreet justo,
				et hendrerit dui. Suspendisse potenti. Integer vitae nibh vel justo lobortis sollicitudin. Nulla cursus
				magna sed lacus pellentesque hendrerit.
			</section>
		</chapter>
		<lot>
			<item id="t1">
				Tabella 1
			</item>
		</lot>
	</part>
	<part id="p2">
		<toc>
			<item id="p2_c1">
				Capitolo 1
			</item>
			<item id="p2_c1_s1">
				Sezione 1
			</item>
			<item id="p2_c1_s2">
				Sezione 2
			</item>
			<item id="p2_c1_s21">
				Sottosezione 2.1
			</item>
			<item id="p2_c1_s211">
				Sottosezione 2.1.1
			</item>
			<item id="p2_c1_s212">
				Sottosezione 2.1.2
			</item>
			<item id="p1_c1_s3">
				Sezione 3
			</item>
			<item id="p2_c2">
				Capitolo 2
			</item>
			<item id="p2_c2_s1">
				Sezione 1
			</item>
			<item id="p2_c2_s11">
				Sottosezione 1.1
			</item>
		</toc>
		<chapter id="p2_c1" title="Capitolo 1">
			<section id="p2_c1_s1" title="Sezione 1">
				Lorem ipsum dolor sit amet, consectetur adipiscing elit. Nullam varius turpis vel tellus aliquam,
				sit amet condimentum turpis eleifend. Vivamus lobortis lacus eu mi placerat malesuada. Nullam
				cursus, massa vitae adipiscing tempus, orci arcu imperdiet neque, ut adipiscing dolor tortor nec
				erat. Vestibulum ante ipsum primis in faucibus orci luctus et ultrices posuere cubilia Curae; In quis
				dui nulla. Etiam fermentum lectus vel sapien facilisis rutrum. Suspendisse et felis lacus. Donec
				lobortis a nulla et mattis. Phasellus scelerisque faucibus lectus, eget fermentum lectus interdum a.
				Pellentesque habitant morbi tristique senectus et netus et malesuada fames ac turpis egestas.
				Suspendisse tristique id quam ut cursus. Duis imperdiet consectetur dui. Sed sed laoreet justo,
				et hendrerit dui. Suspendisse potenti. Integer vitae nibh vel justo lobortis sollicitudin. Nulla cursus
				magna sed lacus pellentesque hendrerit.
			</section>
			<section id="p2_c1_s2" title="Sezione 2">
				Lorem ipsum dolor sit amet, consectetur adipiscing elit. Nullam varius turpis vel tellus aliquam,
				sit amet condimentum turpis eleifend.
				<figure id="f1" caption="Figura 1" path="figura_1.jpg"/>Vivamus lobortis lacus eu mi placerat malesuada. Nullam
				cursus, massa vitae adipiscing tempus, orci arcu imperdiet neque, ut adipiscing dolor tortor nec
				erat. Vestibulum ante ipsum primis in faucibus orci luctus et ultrices posuere cubilia Curae; In quis
				dui nulla. Etiam fermentum lectus vel sapien facilisis rutrum. Suspendisse et felis lacus. Donec
				lobortis a nulla et mattis. Phasellus scelerisque faucibus lectus, eget fermentum lectus interdum a.
				Pellentesque habitant morbi tristique senectus et netus et malesuada fames ac turpis egestas.
				Suspendisse tristique id quam ut cursus. Duis imperdiet consectetur dui. Sed sed laoreet justo,
				et hendrerit dui. Suspendisse potenti. Integer vitae nibh vel justo lobortis sollicitudin. Nulla cursus
				magna sed lacus pellentesque hendrerit.
				<section id="p2_c1_s21" title="Sottosezione 2.1">
					Lorem ipsum dolor sit amet, consectetur adipiscing elit. Nullam varius turpis vel tellus aliquam,
					sit amet condimentum turpis eleifend. Vivamus lobortis lacus eu mi placerat malesuada. Nullam
					cursus, massa vitae adipiscing tempus, orci arcu imperdiet neque, ut adipiscing dolor tortor nec
					erat. Vestibulum ante ipsum primis in faucibus orci luctus et ultrices posuere cubilia Curae; In quis
					dui nulla. Etiam fermentum lectus vel sapien facilisis rutrum. Suspendisse et felis lacus. Donec
					lobortis a nulla et mattis. Phasellus scelerisque faucibus lectus, eget fermentum lectus interdum a.
					Pellentesque habitant morbi tristique senectus et netus et malesuada fames ac turpis egestas.
					Suspendisse tristique id quam ut cursus. Duis imperdiet consectetur dui. Sed sed laoreet justo,
					et hendrerit dui. Suspendisse potenti. Integer vitae nibh vel justo lobortis sollicitudin. Nulla cursus
					magna sed lacus pellentesque hendrerit.
					<section id="p2_c1_s211" title="Sottosezione 2.1.1">
						Lorem ipsum dolor sit amet, consectetur adipiscing elit. Nullam varius turpis vel tellus aliquam,
						sit amet condimentum turpis eleifend. Vivamus lobortis lacus eu mi placerat malesuada. Nullam
						cursus, massa vitae adipiscing tempus, orci arcu imperdiet neque, ut adipiscing dolor tortor nec
						erat. Vestibulum ante ipsum primis in faucibus orci luctus et ultrices posuere cubilia Curae; In quis
						dui nulla.
					</section>
					<section id="p2_c1_s212" title="Sottosezione 2.1.2">
						Lorem ipsum dolor sit amet, consectetur adipiscing elit. Nullam varius turpis vel tellus aliquam,
						sit amet condimentum turpis eleifend. Vivamus lobortis lacus eu mi placerat malesuada. Nullam
						cursus, massa vitae adipiscing tempus, orci arcu imperdiet neque, ut adipiscing dolor tortor nec
						erat. Vestibulum ante ipsum primis in faucibus orci luctus et ultrices posuere cubilia Curae; In quis
						dui nulla.
					</section>
				</section>
			</section>
			<section id="p2_c1_s3" title="Sezione 3">
				Lorem ipsum dolor sit amet, consectetur adipiscing elit. Nullam varius turpis vel tellus aliquam,
				sit amet condimentum turpis eleifend. Vivamus lobortis lacus eu mi placerat malesuada. Nullam
				cursus, massa vitae adipiscing tempus, orci arcu imperdiet neque, ut adipiscing dolor tortor nec
				erat. Vestibulum ante ipsum primis in faucibus orci luctus et ultrices posuere cubilia Curae; In quis
				dui nulla. Etiam fermentum lectus vel sapien facilisis rutrum. Suspendisse et felis lacus. Donec
				lobortis a nulla et mattis. Phasellus scelerisque faucibus lectus, eget fermentum lectus interdum a.
				Pellentesque habitant morbi tristique senectus et netus et malesuada fames ac turpis egestas.
				Suspendisse tristique id quam ut cursus. Duis imperdiet consectetur dui. Sed sed laoreet justo,
				et hendrerit dui. Suspendisse potenti. Integer vitae nibh vel justo lobortis sollicitudin. Nulla cursus
				magna sed lacus pellentesque hendrerit.
			</section>
		</chapter>
		<chapter id="p2_c2" title="Capitolo 2">
			<section id="p2_c2_s1" title="Sezione 1">
				Lorem ipsum dolor sit amet, consectetur adipiscing elit. Nullam varius turpis vel tellus aliquam,
				sit amet condimentum turpis eleifend. Vivamus lobortis lacus eu mi placerat malesuada. Nullam
				cursus, massa vitae adipiscing tempus, orci arcu imperdiet neque, ut adipiscing dolor tortor nec
				erat. Vestibulum ante ipsum primis in faucibus orci luctus et ultrices posuere cubilia Curae; In quis
				dui nulla. Etiam fermentum lectus vel sapien facilisis rutrum. Suspendisse et felis lacus. Donec
				lobortis a nulla et mattis. Phasellus scelerisque faucibus lectus, eget fermentum lectus interdum a.
				Pellentesque habitant morbi tristique senectus et netus et malesuada fames ac turpis egestas.
				Suspendisse tristique id quam ut cursus. Duis imperdiet consectetur dui. Sed sed laoreet justo,
				et hendrerit dui. Suspendisse potenti. Integer vitae nibh vel justo lobortis sollicitudin. Nulla cursus
				magna sed lacus pellentesque hendrerit.
				<figure id="f2" caption="Figura 2" path="figura_2.jpg"/>
				<section id="p2_c2_s11" title="Sottoezione 1.1">
					Lorem ipsum dolor sit amet, consectetur adipiscing elit. Nullam varius turpis vel tellus aliquam,
					sit amet condimentum turpis eleifend. Vivamus lobortis lacus eu mi placerat malesuada. Nullam
					cursus, massa vitae adipiscing tempus, orci arcu imperdiet neque, ut adipiscing dolor tortor nec
					erat. Vestibulum ante ipsum primis in faucibus orci luctus et ultrices posuere cubilia Curae; In quis
					dui nulla. Etiam fermentum lectus vel sapien facilisis rutrum. Suspendisse et felis lacus. Donec
					lobortis a nulla et mattis. Phasellus scelerisque faucibus lectus, eget fermentum lectus interdum a.
					Pellentesque habitant morbi tristique senectus et netus et malesuada fames ac turpis egestas.
					Suspendisse tristique id quam ut cursus. Duis imperdiet consectetur dui. Sed sed laoreet justo,
					et hendrerit dui. Suspendisse potenti. Integer vitae nibh vel justo lobortis sollicitudin. Nulla cursus
					magna sed lacus pellentesque hendrerit.
				</section>
			</section>
		</chapter>
		<lof>
			<item id="f1">
				Figura 1
			</item>
			<item id="f2">
				Figura 2
			</item>
		</lof>
	</part>
	<authornotes>
		<note>
			Lorem ipsum dolor sit amet, consectetur adipiscing elit. Nullam varius turpis vel tellus aliquam,
			sit amet condimentum turpis eleifend. Vivamus lobortis lacus eu mi placerat malesuada. Nullam
			cursus, massa vitae adipiscing tempus, orci arcu imperdiet neque, ut adipiscing dolor tortor nec
			erat. Vestibulum ante ipsum primis in faucibus orci luctus et ultrices posuere cubilia Curae; In quis
			dui nulla. Etiam fermentum lectus vel sapien facilisis rutrum.
		</note>
		<note>
			Sed sed laoreet justo, et hendrerit dui. Suspendisse potenti. Integer vitae nibh vel justo lobortis
			 sollicitudin. Nulla cursus magna sed lacus pellentesque hendrerit.
		</note>
	</authornotes>
</book>